"COD_MUN";"LOG";"LAT";
"22001";"-0,07070538";"42,1213634";
"22002";"0,19783256";"42,2428504";
"22003";"-0,00778658";"42,14589803";
"22004";"-0,7944182";"42,35494981";
"22006";"-0,61987313";"42,67964879";
"22007";"0,14512716";"41,72129514";
"22008";"-0,15067546";"41,73693309";
"22009";"0,46106724";"41,86532533";
"22011";"-0,33683273";"42,05012017";
"22012";"-0,38085369";"42,02477494";
"22013";"-0,21403714";"41,90818369";
"22014";"-0,68683169";"42,06736004";
"22015";"-0,29309585";"42,07761628";
"22016";"0,43199805";"41,90586236";
"22017";"0,11891268";"41,718281";
"22018";"-0,45336179";"41,80686474";
"22019";"-0,46301496";"42,16281363";
"22020";"0,1473625";"41,82877093";
"22021";"-0,58093381";"42,04438111";
"22022";"0,2447946";"41,93566184";
"22023";"-0,41021033";"41,94993824";
"22024";"0,02773606";"42,17235218";
"22025";"0,41430272";"41,80356286";
"22027";"-0,15348143";"42,11133682";
"22028";"-0,82888346";"42,7546632";
"22029";"-0,16479389";"42,03663837";
"22032";"-0,67072675";"42,7064757";
"22035";"0,72091662";"42,25898163";
"22036";"-0,27901269";"42,0535985";
"22037";"-0,43895493";"42,3145506";
"22039";"-0,68918162";"42,2778874";
"22040";"0,31149583";"41,973744";
"22041";"-0,03113699";"42,06909641";
"22042";"-0,04408826";"42,09496108";
"22043";"0,45988805";"41,95343028";
"22044";"-0,81131292";"42,51014762";
"22045";"0,5464509";"41,91823651";
"22046";"0,19100532";"41,62200205";
"22047";"-0,45083389";"42,18038319";
"22048";"0,12246205";"42,03662727";
"22049";"-0,41961819";"41,97986011";
"22050";"-0,08771573";"42,02569204";
"22051";"0,06809502";"42,24229856";
"22052";"0,17837924";"41,68936273";
"22053";"0,48188113";"42,10699352";
"22054";"0,52378621";"42,60496129";
"22055";"-0,00282676";"41,96104308";
"22057";"0,21880551";"42,63479217";
"22058";"-0,08301874";"42,16219193";
"22059";"-0,32447488";"42,6290567";
"22060";"0,20105813";"41,82670647";
"22061";"0,2934451";"41,85299404";
"22062";"0,50755385";"42,49626026";
"22063";"-0,75202053";"42,22848078";
"22064";"-0,18703355";"42,05688103";
"22066";"0,06715744";"42,44600456";
"22067";"0,66783985";"42,42741354";
"22068";"-0,58766242";"42,65892075";
"22069";"-0,12130337";"42,60416358";
"22072";"-0,50088169";"42,39853281";
"22074";"0,39709004";"42,40996604";
"22075";"0,52139896";"41,95858451";
"22076";"-0,85830787";"42,6033843";
"22077";"0,06397647";"41,50337098";
"22078";"-0,52497158";"42,71650151";
"22079";"-0,18498384";"41,84424575";
"22080";"0,39621261";"42,19694511";
"22081";"-0,13942125";"42,15579711";
"22082";"0,16159652";"41,96260477";
"22083";"-0,23978744";"41,61718771";
"22084";"0,49333972";"42,51304184";
"22085";"-0,02147721";"41,80328489";
"22086";"-0,55005751";"42,63166579";
"22087";"0,57893018";"42,20420841";
"22088";"0,06450016";"42,06840629";
"22089";"0,51393592";"41,88454856";
"22090";"0,06341791";"42,17248812";
"22094";"0,16187563";"41,6657571";
"22095";"0,46446526";"42,52185276";
"22096";"-0,45084107";"42,17056738";
"22099";"0,27475507";"41,79839104";
"22102";"0,23348884";"42,07227382";
"22103";"0,24364967";"42,05756948";
"22105";"0,54285027";"41,99596049";
"22106";"-0,86481074";"42,73431268";
"22107";"-0,01930863";"42,58713593";
"22109";"-0,12038129";"42,49581205";
"22110";"0,25757679";"42,01136292";
"22111";"0,35060089";"42,40990009";
"22112";"0,3489743";"41,52221149";
"22113";"0,27252753";"42,37034588";
"22114";"0,33368793";"42,59075256";
"22115";"0,22353061";"42,15146924";
"22116";"-0,369713";"41,94169501";
"22117";"0,33439454";"42,18755481";
"22119";"-0,76170927";"42,01264086";
"22122";"-0,30716419";"42,69023453";
"22124";"-0,16598547";"41,93206905";
"22125";"-0,40842276";"42,14062739";
"22126";"-0,20736804";"42,1612641";
"22127";"-0,43220372";"42,21346749";
"22128";"0,05605703";"41,95707244";
"22129";"0,52853432";"42,2916475";
"22130";"-0,54955746";"42,57073634";
"22131";"-0,66534532";"42,69402037";
"22133";"0,13459816";"42,45007909";
"22135";"-0,04688304";"42,00398924";
"22136";"-0,25559198";"41,84211095";
"22137";"-0,32899321";"41,77215652";
"22139";"-0,04622736";"41,99077045";
"22141";"-0,07588096";"42,06644623";
"22142";"0,51593014";"42,19781796";
"22143";"0,59861357";"42,47105458";
"22144";"0,15390522";"42,50297823";
"22149";"-0,62624955";"42,31389271";
"22150";"-0,32391473";"42,16160418";
"22151";"-0,64394824";"42,25447962";
"22155";"0,61645888";"42,22341094";
"22156";"-0,356665";"42,09424689";
"22157";"0,69475456";"42,46577115";
"22158";"0,1946465";"41,91031171";
"22160";"0,15082578";"42,19264069";
"22162";"-0,28613293";"42,03197393";
"22163";"-0,43992782";"42,26600664";
"22164";"0,26037463";"42,10727484";
"22165";"0,08917584";"41,6761857";
"22167";"0,1912748";"41,66525487";
"22168";"0,24248089";"42,32319645";
"22170";"-0,28372586";"42,72413271";
"22172";"-0,03944626";"41,50048034";
"22173";"-0,72595592";"42,34946013";
"22174";"-0,06647763";"41,93203455";
"22175";"0,37541467";"42,020027";
"22176";"-0,01708908";"42,05602525";
"22177";"0,35109823";"42,26768353";
"22178";"-0,12748023";"42,00202031";
"22181";"-0,31625846";"42,00472977";
"22182";"0,33641901";"42,58185615";
"22184";"-0,30955391";"41,87065848";
"22186";"0,03241725";"42,08177302";
"22187";"0,28728179";"42,14499849";
"22188";"0,69309924";"42,15033973";
"22189";"0,13247462";"42,54792773";
"22190";"0,16171114";"42,44125354";
"22193";"0,15704594";"41,85808139";
"22195";"-0,36076128";"42,14817599";
"22197";"-0,4607889";"41,86620729";
"22199";"-0,36403034";"42,51870902";
"22200";"0,46601559";"42,57741223";
"22201";"0,07366075";"42,11731394";
"22202";"0,08406098";"42,09994653";
"22203";"-0,22509197";"41,99349132";
"22204";"-0,33156802";"42,77273083";
"22205";"0,32599128";"41,90387404";
"22206";"-0,43148188";"42,0173649";
"22207";"0,34450925";"42,5873209";
"22208";"-0,71321652";"42,56134318";
"22209";"-0,67412647";"42,52265345";
"22212";"0,36636681";"42,30542514";
"22213";"-0,15766688";"41,79070883";
"22214";"0,26600417";"42,1813607";
"22215";"0,43340474";"42,47740532";
"22217";"-0,0433028";"41,71525151";
"22218";"-0,48846596";"41,90734295";
"22220";"-0,24568858";"41,99596909";
"22221";"0,47270655";"42,55082407";
"22222";"-0,27995247";"42,1232059";
"22223";"0,74718785";"42,3161189";
"22225";"0,42208747";"41,87052624";
"22226";"-0,53931958";"41,97939297";
"22227";"0,22077583";"42,58477288";
"22228";"-0,35353818";"42,13246602";
"22229";"0,56501964";"42,11441663";
"22230";"-0,11074837";"42,62785025";
"22232";"-0,51140626";"41,93499553";
"22233";"0,52624808";"42,37197955";
"22234";"0,33485785";"41,47283705";
"22235";"-0,11112647";"41,96748781";
"22236";"-0,43207497";"41,96002998";
"22239";"-0,29661047";"41,97231643";
"22242";"-0,13296617";"41,5575269";
"22243";"0,46504356";"42,4346509";
"22244";"0,47702459";"42,37931725";
"22245";"0,26153424";"41,58676196";
"22246";"0,59523816";"42,36695527";
"22247";"0,61425761";"42,1286444";
"22248";"-0,44133605";"42,05648051";
"22249";"0,46242554";"42,54786826";
"22250";"-0,53065797";"42,67874094";
"22251";"-0,00834425";"41,71590375";
"22252";"-0,28288495";"42,48614099";
"22253";"-0,25090944";"42,6189931";
"22254";"0,26337049";"41,60434032";
"22901";"-0,75027194";"42,73893535";
"22902";"-0,78759154";"42,55872499";
"22903";"0,12994757";"41,85122017";
"22904";"-0,55234336";"42,26068265";
"22905";"-0,58075054";"42,17563439";
"22906";"0,01643534";"42,11556031";
"22907";"0,13960049";"42,41711065";
"22908";"0,13713094";"42,13813318";
"22909";"0,30613405";"41,70574065";
"44001";"-0,80780117";"40,54845854";
"44002";"-0,89343176";"39,90992613";
"44003";"-1,23376877";"40,67128085";
"44004";"-0,19721142";"40,82246644";
"44005";"-0,79655771";"40,59024818";
"44006";"-0,6964716";"41,02331848";
"44007";"-1,34533155";"40,61782196";
"44008";"-0,51092341";"41,12084779";
"44009";"-1,44449794";"40,40668217";
"44010";"-0,76981698";"40,10275557";
"44011";"-0,70560643";"40,95374009";
"44012";"-0,7203944";"40,37166968";
"44013";"-0,13284433";"41,05125534";
"44014";"-0,38074056";"40,89137363";
"44016";"-1,03356435";"40,54604768";
"44017";"-0,70190468";"40,67415567";
"44018";"-1,43769514";"40,60510103";
"44019";"-1,38793341";"40,17841";
"44020";"-1,06560633";"40,79870353";
"44021";"-0,72807625";"40,49232935";
"44022";"-0,53008193";"40,96934976";
"44023";"-1,04251034";"40,98563654";
"44024";"-0,98347787";"40,98181711";
"44025";"-0,44371856";"40,97509431";
"44026";"-1,04367383";"39,9912069";
"44027";"0,27120727";"40,99320586";
"44028";"-1,16304427";"40,68891357";
"44029";"-0,59215017";"41,03002049";
"44031";"-0,49335843";"41,29189056";
"44032";"-1,12185338";"41,09193064";
"44033";"-1,35659444";"41,03988916";
"44034";"-1,19118505";"40,83959266";
"44035";"-1,14042408";"40,89755159";
"44036";"-1,14640421";"41,03642813";
"44037";"0,18281473";"40,83192948";
"44038";"-0,06337688";"40,8745073";
"44039";"-1,49875369";"40,9234759";
"44040";"-0,42699963";"40,85663981";
"44041";"-1,32450297";"40,33077407";
"44042";"-1,48180791";"40,81387";
"44043";"-0,88472909";"41,05162774";
"44044";"-0,32178558";"40,68718705";
"44045";"-1,58933562";"40,50913122";
"44046";"-1,26723281";"40,70848715";
"44047";"-1,33758733";"41,01656595";
"44048";"-0,80712717";"40,31678582";
"44049";"0,18819744";"41,01700574";
"44050";"-1,30091517";"40,91961258";
"44051";"-0,23142924";"40,93854542";
"44052";"-1,57623275";"40,37233638";
"44053";"-1,13886696";"40,64299958";
"44054";"-1,04099796";"40,14767898";
"44055";"-0,75400265";"40,61121769";
"44056";"-1,3256961";"40,83782336";
"44059";"-0,4056737";"40,52795321";
"44060";"-0,53463584";"40,58050974";
"44061";"-0,0989645";"40,8657627";
"44062";"-0,91440101";"40,70906259";
"44063";"-0,64487177";"40,81661246";
"44064";"-1,11435603";"40,19604907";
"44065";"-1,42781988";"40,99745712";
"44066";"-0,69660308";"40,80248904";
"44067";"-0,36469978";"41,22833596";
"44068";"-0,14699544";"40,98094161";
"44070";"-0,81744539";"40,36540902";
"44071";"-0,31996594";"40,80031989";
"44074";"-0,85362875";"40,43605287";
"44075";"-1,14982836";"40,47411915";
"44076";"-1,28767198";"40,45488538";
"44077";"-0,05509925";"40,83989063";
"44080";"-0,08638618";"40,93336441";
"44082";"-0,98550256";"40,40329546";
"44084";"-0,83546751";"40,97434864";
"44085";"-1,13531234";"40,83397337";
"44086";"0,2117607";"40,92857287";
"44087";"-0,57717682";"40,88387225";
"44088";"-0,29831744";"40,59147841";
"44089";"-1,0792733";"40,21076856";
"44090";"-1,2142501";"41,08558217";
"44092";"-1,32520055";"40,15131198";
"44093";"-0,82911642";"40,71407387";
"44094";"-1,05129761";"40,45324859";
"44096";"-0,55474836";"40,77480642";
"44097";"-0,97321989";"40,54573399";
"44099";"-0,80971602";"40,79551454";
"44100";"-0,63191615";"40,85481754";
"44101";"-1,23322286";"41,0635092";
"44102";"-1,08494654";"40,99589775";
"44103";"-0,89333295";"40,32426223";
"44105";"-0,00352647";"40,89500516";
"44106";"-0,5229538";"40,50519935";
"44107";"-0,26722397";"40,92308894";
"44108";"0,0741721";"40,92961261";
"44109";"-1,61546672";"40,33786805";
"44110";"-1,01218826";"40,86955938";
"44111";"-0,97889344";"40,6999775";
"44112";"-1,3233324";"40,86382198";
"44113";"-0,61900219";"40,16925932";
"44114";"0,06510273";"40,80653192";
"44115";"-0,88281029";"40,65478266";
"44116";"-0,58481848";"40,83528527";
"44117";"-1,34807154";"40,41073118";
"44118";"-0,13367814";"40,86963072";
"44119";"-1,710807";"40,42665322";
"44120";"-1,71742932";"40,38770098";
"44121";"-0,72050676";"40,44162785";
"44122";"-0,45090849";"41,17579857";
"44123";"-0,78592982";"40,69089589";
"44124";"-0,84342448";"40,92381331";
"44125";"-0,91980609";"41,00971595";
"44126";"-0,3188089";"40,48166129";
"44127";"-1,4073775";"40,24038091";
"44128";"-0,80065933";"40,70251838";
"44129";"-0,38117066";"41,21919238";
"44130";"-0,75326251";"40,54262673";
"44131";"-0,76733301";"40,95568235";
"44132";"-1,19218812";"41,04222713";
"44133";"-1,20639346";"41,09868302";
"44135";"-1,23443083";"40,16154809";
"44136";"-1,11242689";"40,71668797";
"44137";"-0,57518992";"40,32135976";
"44138";"-1,04479453";"41,08119021";
"44141";"0,2771684";"40,95495009";
"44142";"-0,88968718";"40,96646419";
"44143";"-0,83021534";"40,05678856";
"44144";"-0,89536067";"40,84431831";
"44145";"-0,2416086";"40,83375152";
"44146";"-0,52098411";"40,86569852";
"44147";"0,10416384";"41,0497617";
"44148";"-0,86809203";"40,72134939";
"44149";"-0,34238449";"40,58684496";
"44150";"-0,69423598";"40,57667419";
"44151";"-0,44962466";"40,82009623";
"44152";"-1,0147619";"41,05425776";
"44153";"-1,35403777";"40,79010149";
"44154";"-0,03178143";"40,78760321";
"44155";"-0,79841599";"40,83220326";
"44156";"-0,81771529";"40,45729657";
"44157";"-1,49211849";"40,49746209";
"44158";"-0,75353912";"40,25239335";
"44159";"-1,53695627";"40,3339282";
"44160";"-0,44907231";"40,36145064";
"44161";"-0,81222812";"41,03377207";
"44163";"-1,59724089";"40,46053596";
"44164";"-1,06681882";"41,13509278";
"44165";"-0,63696081";"40,23674705";
"44167";"-0,72313996";"40,90576376";
"44168";"-1,56817037";"40,88439063";
"44169";"-1,50002306";"40,73843084";
"44171";"-0,62570798";"40,1321844";
"44172";"-0,67457491";"40,99800975";
"44173";"-0,48593766";"40,87693682";
"44174";"-1,64989242";"40,55044776";
"44175";"-0,98776593";"40,58639845";
"44176";"-0,75033562";"40,78004932";
"44177";"-1,02878068";"40,76175159";
"44178";"-0,24322443";"40,77501048";
"44179";"0,03935801";"40,7552924";
"44180";"-1,46928578";"40,64145853";
"44181";"-1,03321753";"40,48322788";
"44182";"-1,00320434";"40,63298559";
"44183";"-0,59372188";"40,64756632";
"44184";"-0,85541587";"40,99176358";
"44185";"-0,86128964";"40,50818733";
"44187";"0,05562751";"40,88215307";
"44189";"-1,46964132";"40,56165809";
"44190";"-1,5053336";"40,77151479";
"44191";"-0,44684373";"41,2144278";
"44192";"-0,92912557";"40,22444743";
"44193";"-0,45966111";"40,26475069";
"44194";"0,02043709";"40,83754007";
"44195";"-0,99528718";"40,72202645";
"44196";"-1,14833026";"40,1165373";
"44197";"-1,51630483";"40,64096456";
"44198";"-1,51258302";"40,37702113";
"44199";"-1,26998871";"40,27642388";
"44200";"-1,21341829";"40,7700109";
"44201";"-0,65143314";"40,19007338";
"44203";"-1,00541426";"40,96188707";
"44204";"-1,42790593";"40,32504659";
"44205";"-0,39017017";"41,19026993";
"44206";"-0,69288965";"40,05989064";
"44207";"-1,38701731";"41,06559445";
"44208";"-1,08921605";"41,11460567";
"44209";"-1,31215335";"40,56501265";
"44210";"-0,81521369";"40,14094343";
"44211";"-0,95120623";"40,9399936";
"44212";"-0,33675749";"40,81226525";
"44213";"-1,31305672";"40,65499113";
"44215";"-1,50354185";"40,29844745";
"44216";"-1,10927177";"40,34412951";
"44217";"-1,4862161";"40,24809693";
"44218";"-1,35359451";"40,20253822";
"44219";"-1,43325599";"40,96220276";
"44220";"-1,45866104";"40,8907256";
"44221";"-0,09123944";"40,9602276";
"44222";"-1,07198987";"40,91012769";
"44223";"-0,06840241";"40,75170255";
"44224";"-0,71826622";"40,84205724";
"44225";"0,10900892";"40,93711142";
"44226";"-1,30257568";"40,61397627";
"44227";"-1,09701154";"40,85323665";
"44228";"-1,2968909";"40,58973246";
"44229";"-1,53211153";"40,42701658";
"44230";"-0,10936575";"40,90316774";
"44231";"-0,95759808";"40,02233237";
"44232";"-1,33772454";"40,82589067";
"44234";"-1,23993355";"40,19215355";
"44235";"-1,57420075";"40,43069658";
"44236";"-0,39901896";"40,62112023";
"44237";"-0,47063301";"41,16011207";
"44238";"-0,84316294";"40,81347559";
"44239";"-1,09131288";"40,19040116";
"44240";"-0,81088053";"40,22935082";
"44241";"-0,03514372";"40,99083302";
"44243";"-1,40945135";"40,29739874";
"44244";"-0,60606873";"40,3912832";
"44245";"0,08365997";"40,9868198";
"44246";"0,1557343";"40,87590223";
"44247";"0,02602668";"40,95267103";
"44249";"-1,56574607";"40,23396641";
"44250";"-1,40624178";"40,15390732";
"44251";"-1,3472759";"40,69472583";
"44252";"-1,24614098";"41,10939265";
"44256";"-1,00919469";"40,89144128";
"44257";"-1,67413906";"40,39514909";
"44258";"-1,49944452";"40,6824911";
"44260";"-0,52931929";"40,64815989";
"44261";"-1,26708485";"40,51711461";
"44262";"-0,66971122";"40,53003487";
"44263";"-1,15323397";"40,28020398";
"44264";"-1,18729721";"40,23351965";
"44265";"-0,57659252";"41,26739389";
"44266";"-1,09819557";"40,68511563";
"44267";"-0,94020747";"40,86999819";
"44268";"-0,61863148";"40,78421418";
"50001";"-1,69921759";"41,13823568";
"50002";"-1,60429853";"41,17047963";
"50003";"-1,45183776";"41,85576815";
"50004";"-1,26960814";"41,33848892";
"50005";"-1,0455632";"41,29652143";
"50006";"-1,51925171";"41,81670398";
"50007";"-1,1560466";"41,24916598";
"50008";"-1,12214332";"41,77030322";
"50009";"-1,61294807";"41,20459678";
"50010";"-1,47138793";"41,82047221";
"50011";"-1,50040452";"41,82722238";
"50012";"-0,35862022";"41,33502243";
"50013";"-1,19436833";"41,81558439";
"50014";"-1,69707293";"41,78627271";
"50015";"-2,12311327";"41,20465968";
"50016";"-1,70175827";"41,06435578";
"50017";"-0,70180187";"41,61525007";
"50018";"-1,24312168";"41,43981344";
"50019";"-0,38546374";"41,32834097";
"50020";"-1,89527354";"41,29507154";
"50021";"-0,54963666";"41,28018845";
"50022";"-0,20971283";"41,55453535";
"50023";"-0,79261296";"41,28225409";
"50024";"-1,3239318";"41,39738034";
"50025";"-1,3746454";"41,47666813";
"50026";"-1,38158786";"41,42195793";
"50027";"-1,617811";"41,79541553";
"50028";"-1,33328459";"41,06972963";
"50029";"-1,70372366";"41,44499163";
"50030";"-1,72101755";"41,77858896";
"50031";"-1,79270089";"41,57856435";
"50032";"-1,5017233";"41,51118036";
"50033";"-0,75940594";"42,20125723";
"50034";"-2,05613753";"41,31268123";
"50035";"-0,98337165";"42,586862";
"50036";"-1,04664653";"42,28369098";
"50037";"-1,55465462";"41,16045423";
"50038";"-1,79352304";"41,33091735";
"50039";"-0,87161579";"41,25600151";
"50040";"-1,25406499";"41,138427";
"50041";"-0,94591281";"42,54931056";
"50042";"-1,46072493";"41,08696916";
"50043";"-1,18775221";"41,7124093";
"50044";"-1,21185931";"41,6844071";
"50045";"-0,74526089";"41,29984463";
"50046";"-1,53740539";"41,31250781";
"50047";"-1,94581078";"41,56172329";
"50048";"-1,46693964";"40,99062484";
"50050";"-1,92035616";"41,54050923";
"50051";"-1,18795951";"42,26312893";
"50052";"-1,44332655";"41,85601334";
"50053";"-1,25025514";"41,84916113";
"50054";"-2,078045";"41,41702227";
"50055";"-1,53215004";"41,83498182";
"50056";"-1,03210941";"41,50751372";
"50057";"-1,60027978";"41,52358252";
"50058";"-1,85295641";"41,31559099";
"50059";"-0,1527435";"41,49813764";
"50060";"-1,60170092";"41,81781831";
"50061";"-1,48805183";"41,81690098";
"50062";"-0,73954128";"41,57211095";
"50063";"-1,60179965";"41,88569316";
"50064";"-1,16334577";"41,79569242";
"50065";"-2,04072219";"41,21187512";
"50066";"-0,95980215";"41,55506015";
"50067";"-1,64472637";"41,35431931";
"50068";"-1,34507004";"41,52342482";
"50069";"-1,71687097";"41,65512192";
"50070";"-1,91172017";"41,15769929";
"50071";"-1,84421983";"41,12616279";
"50072";"-1,79717085";"41,27683835";
"50073";"-1,22327064";"41,33816994";
"50074";"-0,03750663";"41,23639012";
"50075";"-1,63602906";"41,18323635";
"50076";"-1,81213433";"41,31024964";
"50077";"-0,99531902";"41,98248789";
"50078";"-1,27335239";"42,37659647";
"50079";"-1,73545486";"41,43286084";
"50080";"-1,21571689";"41,21639235";
"50081";"-1,96399798";"41,29345893";
"50082";"-1,77496634";"41,10080151";
"50083";"-0,37189848";"41,34061367";
"50084";"-1,8377207";"41,52970531";
"50085";"-0,69943589";"41,3334059";
"50086";"-1,3744028";"41,29349474";
"50087";"-1,91756388";"41,30566913";
"50088";"-1,29933003";"41,36604369";
"50089";"-0,92991614";"41,58939012";
"50090";"-1,63772454";"41,09678294";
"50091";"-1,54999291";"40,95850584";
"50092";"-0,12722335";"41,26235164";
"50093";"-1,48007469";"41,48691928";
"50094";"-1,41677154";"41,11515254";
"50095";"-1,13778144";"42,12905622";
"50096";"-1,97122135";"41,38089701";
"50098";"-1,27667754";"41,28520927";
"50099";"-1,28180937";"41,60133359";
"50100";"-0,94865115";"42,11723697";
"50101";"-0,32422923";"41,29269832";
"50102";"0,16695357";"41,17861328";
"50104";"-0,50528092";"41,68234305";
"50105";"0,33209477";"41,24135322";
"50106";"-1,7829199";"41,87998376";
"50107";"-1,17295475";"41,76756534";
"50108";"-1,19252286";"41,14462017";
"50109";"-0,93141632";"42,27261825";
"50110";"-1,4945333";"41,41393534";
"50111";"-1,44954604";"41,87431759";
"50113";"-1,47203733";"41,76075772";
"50114";"-0,95939508";"41,34240218";
"50115";"-0,63028731";"41,51287994";
"50116";"-1,53614556";"41,22889379";
"50117";"-1,50956492";"40,99667871";
"50118";"-1,31823382";"41,87010862";
"50119";"-0,46196276";"41,40662053";
"50120";"-1,86436029";"41,26981057";
"50121";"-1,64936495";"41,54637227";
"50122";"-1,72735623";"41,87110412";
"50123";"-1,16271963";"41,74344462";
"50124";"-1,08257115";"41,21059411";
"50125";"-1,83449014";"41,218754";
"50126";"-1,6296782";"41,53898762";
"50128";"-1,05597606";"42,48814981";
"50129";"-1,88294681";"41,18938306";
"50130";"-1,67655177";"41,55604688";
"50131";"-0,99134595";"41,45212837";
"50132";"-1,07285821";"41,74482682";
"50133";"-0,80527913";"41,24064118";
"50134";"-1,39826605";"41,21286201";
"50135";"-1,24465626";"42,29704472";
"50136";"-0,70869288";"41,20453171";
"50137";"-0,61046189";"41,79933716";
"50138";"-1,28404831";"41,08607589";
"50139";"-0,8039258";"41,25503551";
"50140";"-1,7517902";"41,81431511";
"50141";"-1,76081543";"41,83576778";
"50142";"-1,02164651";"42,47866443";
"50143";"-1,16904948";"41,40378284";
"50144";"-0,93509558";"42,48028841";
"50146";"-1,31490243";"41,55437558";
"50147";"-1,2375019";"41,82974637";
"50148";"-1,02317252";"42,36986843";
"50149";"-1,14733247";"41,1668345";
"50150";"-1,29989133";"41,63106386";
"50151";"-0,93013543";"42,16908363";
"50152";"0,14256843";"41,12199909";
"50153";"-1,46036968";"41,8340781";
"50154";"-1,30221644";"41,19225484";
"50155";"-1,87454418";"41,56904581";
"50156";"-1,54911679";"41,82709144";
"50157";"-1,67017959";"41,95226203";
"50159";"-1,61605865";"41,28836801";
"50160";"-1,41847153";"41,90052558";
"50161";"-1,46642093";"41,15017019";
"50162";"-1,51805957";"41,28897617";
"50163";"-0,9971823";"41,5370289";
"50164";"-0,70570613";"41,46671251";
"50165";"0,30277747";"41,37428943";
"50166";"-1,53835949";"41,55143626";
"50167";"-1,08324315";"41,42602797";
"50168";"-0,95521893";"42,58356195";
"50169";"-1,49155839";"41,25742116";
"50170";"-0,41585763";"41,6386397";
"50171";"-0,8347105";"41,12871851";
"50172";"-2,10510641";"41,29094083";
"50173";"-1,73444643";"41,17434372";
"50174";"-1,51523215";"41,20665666";
"50175";"-1,47618479";"41,47401464";
"50176";"-1,58693085";"41,24801186";
"50177";"-1,56440118";"41,47345669";
"50178";"-1,82673537";"41,39857354";
"50179";"-0,92242052";"41,12839821";
"50180";"-1,06946562";"41,4830362";
"50181";"-1,08483691";"41,46663061";
"50182";"-1,11675821";"41,57946381";
"50183";"-1,70574958";"41,2530754";
"50184";"-1,48182047";"41,15882333";
"50185";"-0,75117376";"42,33612544";
"50186";"-1,14599252";"42,51281379";
"50187";"-1,52492869";"41,53516008";
"50188";"-1,35884061";"41,10695544";
"50189";"0,24619243";"41,2095729";
"50190";"-1,69258601";"41,94692656";
"50191";"-1,39395104";"41,93464275";
"50192";"-1,78906354";"41,21288045";
"50193";"-0,68314405";"41,59199889";
"50194";"-1,64686933";"41,23983271";
"50195";"-1,48978139";"41,11004396";
"50196";"-1,48003744";"41,29866756";
"50197";"-0,99972178";"42,27912614";
"50198";"-1,70012443";"41,59563172";
"50199";"-0,58064613";"41,53436117";
"50200";"-1,21201905";"41,2846371";
"50201";"-1,6396572";"41,31360004";
"50202";"-1,562104";"41,42296962";
"50203";"-0,78336563";"41,61871805";
"50204";"-1,21554213";"41,79055322";
"50205";"-0,87647991";"42,03807666";
"50206";"-0,63050338";"41,75356921";
"50207";"-0,80579366";"42,12009442";
"50208";"-0,53303523";"41,48709183";
"50209";"-1,10082877";"41,73632235";
"50210";"-1,02204659";"42,52923657";
"50211";"-1,22973094";"41,68113524";
"50212";"-1,20282078";"41,71127705";
"50213";"-0,96452515";"41,11126187";
"50214";"-1,84077356";"41,63784843";
"50215";"-2,15563394";"41,35222348";
"50216";"-1,4238176";"41,76494267";
"50217";"-1,26319995";"41,8604446";
"50218";"-0,85515752";"41,38488201";
"50219";"-0,75088411";"41,63158699";
"50220";"-0,75747926";"42,15300311";
"50221";"-1,762904";"41,6821162";
"50222";"-0,49805401";"41,42376777";
"50223";"-1,17527348";"41,83806868";
"50224";"-1,38112043";"41,14433666";
"50225";"-1,4058467";"41,50488275";
"50227";"-1,27488979";"41,12441002";
"50228";"-1,27473437";"41,63310259";
"50229";"-1,48228721";"41,28303342";
"50230";"-1,27248082";"42,28120303";
"50231";"-1,32290909";"41,56608459";
"50232";"-1,00526542";"42,66868827";
"50233";"-0,82724077";"41,23399655";
"50234";"-1,79200968";"41,83825283";
"50235";"-0,76811416";"41,83206978";
"50236";"-1,43078868";"41,36999274";
"50237";"-1,7573346";"41,88242965";
"50238";"-0,76038017";"42,28739683";
"50239";"-1,50796681";"41,03219358";
"50240";"-0,35375463";"41,32149982";
"50241";"-1,56540271";"41,44270963";
"50242";"-1,53021666";"41,34637392";
"50243";"-1,594946";"41,48703854";
"50244";"-0,91050503";"42,04861717";
"50245";"-1,012717";"42,63053712";
"50246";"-2,0036923";"41,171278";
"50247";"-1,03502791";"41,7395923";
"50248";"-1,21532996";"42,49731841";
"50249";"-1,54400751";"41,69697882";
"50250";"-1,67763953";"41,73171274";
"50251";"-1,72518642";"41,90264813";
"50252";"-1,25694062";"41,92139418";
"50253";"-1,71716772";"41,32701073";
"50254";"-1,60614472";"41,6064916";
"50255";"-1,40072236";"41,3385397";
"50256";"-1,66171649";"41,03642386";
"50257";"-1,68301417";"41,4165815";
"50258";"-1,33689418";"41,211028";
"50259";"-2,12860244";"41,23857944";
"50260";"-1,95170284";"41,58151188";
"50261";"-1,77007728";"41,89606778";
"50262";"-1,06450752";"41,75818705";
"50263";"-1,87659306";"41,4735893";
"50264";"-1,07381679";"41,3149131";
"50265";"-1,7242987";"41,82670339";
"50266";"-1,64021785";"41,64231516";
"50267";"-1,13074108";"42,36158799";
"50268";"-1,16902568";"42,56517243";
"50269";"-1,23505923";"41,66685149";
"50270";"-1,12901464";"42,51924667";
"50271";"-1,55837446";"41,0542737";
"50272";"-0,99446148";"41,71506874";
"50273";"-1,42292361";"41,07259511";
"50274";"-1,44656521";"41,05732416";
"50275";"-0,88353971";"41,44445656";
"50276";"-0,85396189";"42,15877628";
"50277";"-1,74079989";"41,29927655";
"50278";"-0,43722946";"41,3736031";
"50279";"-1,60435844";"41,2742201";
"50280";"-1,68714898";"41,82554602";
"50281";"-1,68022696";"41,92670965";
"50282";"-1,72483838";"41,27313209";
"50283";"-1,28722511";"41,16261458";
"50284";"-1,50889888";"41,19509924";
"50285";"-0,65051302";"41,57245852";
"50286";"-1,54894573";"41,32757915";
"50287";"-1,84064913";"41,43547376";
"50288";"-0,82121372";"41,76835375";
"50289";"-1,39221574";"41,07595379";
"50290";"-1,03458954";"41,35327712";
"50291";"-1,04280257";"41,15864639";
"50292";"-1,28727921";"41,19072752";
"50293";"-1,78425942";"41,46318334";
"50294";"-1,32381234";"41,14313846";
"50295";"-1,15326285";"41,21961356";
"50296";"-0,42740838";"41,32911648";
"50297";"-0,87928652";"41,65645655";
"50298";"-0,78671918";"41,86907598";
"50901";"-0,93657238";"42,38756817";
"50902";"-0,77641575";"42,09091716";
"50903";"-0,7705331";"41,68419824";