<?xml version="1.0" encoding="UTF-8"?>
<Mapping id="133" 
xmlns:rdf="http://www.w3.org/1999/02/22-rdf-syntax-ns#" 
xmlns:ei2a="http://opendata.aragon.es/def/ei2ia#" 
xmlns:org="http://www.w3.org/ns/org#" 
xmlns:foaf="http://xmlns.com/foaf/0.1/" 
xmlns:vcard="http://www.w3.org/2006/vcard/ns#" 
xmlns:harmonise="http://protege.stanford.edu/rdf/HTOv4002#" 
xmlns:gtfs="http://vocab.gtfs.org/terms#"
xmlns:dc="http://purl.org/dc/elements/1.1/">
	<Entity rdf:type="gtfs:Trip" URI="http://opendata.aragon.es/pool/expediciones/{COD_EXP}">
		<Property field="{FRECUENCIA}" attribute="dc:description" type="string" />
		<Property fieldLink="http://opendata.aragon.es/pool/paradas/{IDRUTA}" attribute="gtfs:route" />		
		<Property fieldLink="http://opendata.aragon.es/pool/service-expediciones/{COD_EXP}" attribute="gtfs:service">
			<Entity rdf:type="gtfs:Service" URI="http://opendata.aragon.es/pool/service-expediciones/{COD_EXP}">
				<Property fieldLink="http://opendata.aragon.es/pool/service-expediciones/serviceRule/{COD_EXP}" attribute="gtfs:serviceRule">
					<Entity rdf:type="gtfs:CalendarRule" URI="http://opendata.aragon.es/pool/service-expediciones/serviceRule/{COD_EXP}">
						<Property field="{L}" attribute="org:monday" type="boolean"/>						 
						<Property field="{M}" attribute="org:tuesday" type="boolean"/>						 
						<Property field="{X}" attribute="org:wednesday" type="boolean"/>						 
						<Property field="{J}" attribute="org:thursday" type="boolean"/>						 
						<Property field="{V}" attribute="org:friday" type="boolean"/>						 
						<Property field="{S}" attribute="org:saturday" type="boolean"/>						 
						<Property field="{D}" attribute="org:sunday" type="boolean"/>						 
					</Entity>
				</Property>
			</Entity>
		</Property>
	</Entity>
</Mapping>
