<?xml version="1.0" encoding="UTF-8"?>
<Mapping id="136" xmlns:rdf="http://www.w3.org/1999/02/22-rdf-syntax-ns#" 
xmlns:ei2a="http://opendata.aragon.es/def/ei2ia#" 
xmlns:org="http://www.w3.org/ns/org#" 
xmlns:foaf="http://xmlns.com/foaf/0.1/" 
xmlns:vcard="http://www.w3.org/2006/vcard/ns#" 
xmlns:wgs84_pos="http://www.w3.org/2003/01/geo/wgs84_pos#" 
xmlns:harmonise="http://protege.stanford.edu/rdf/HTOv4002#" 
xmlns:gtfs="http://vocab.gtfs.org/terms#" xmlns:dc="http://purl.org/dc/elements/1.1/">
	<Entity rdf:type="gtfs:Stop" URI="http://opendata.aragon.es/pool/paradas/{COD_PARADA}">
		<Property value="wgs84_pos:SpatialThing" attribute="rdf:type" type="string"/>
		<Property field="{DENO_DIRECCION} {MUNICIPIO}" attribute="dc:title" type="string" />
		<Property field="{MUNICIPIO}" attribute="dc:title" type="string" />
		<Property field="{X}" attribute="wgs84_pos:lat" type="float" />
		<Property field="{Y}" attribute="wgs84_pos:long" type="float" />
		<Property fieldLink="http://opendata.aragon.es/pool/municipio/{CODIGO_MUN}" attribute="org:Organization" />
	</Entity>
</Mapping>
