<?xml version="1.0" encoding="UTF-8"?>
<Mapping id="137" xmlns:rdf="http://www.w3.org/1999/02/22-rdf-syntax-ns#" xmlns:ei2a="http://opendata.aragon.es/def/ei2ia#" xmlns:org="http://www.w3.org/ns/org#" xmlns:foaf="http://xmlns.com/foaf/0.1/" xmlns:vcard="http://www.w3.org/2006/vcard/ns#" xmlns:harmonise="http://protege.stanford.edu/rdf/HTOv4002#" xmlns:gtfs="http://vocab.gtfs.org/terms#" xmlns:dc="http://purl.org/dc/elements/1.1/">
	<Entity rdf:type="gtfs:Route" URI="http://opendata.aragon.es/pool/paradas/{COD_RUTA}">
		<Property field="{DENO_RUTA}" attribute="dc:title" type="string" />
		<Property fieldLink="http://opendata.aragon.es/pool/paradas/originStop/{COD_RUTA}" attribute="gtfs:originStop">
			<Entity rdf:type="gtfs:Stop" URI="http://opendata.aragon.es/pool/paradas/originStop/{COD_RUTA}">								
				<Property link="gtfs:Bus" attribute="gtfs:routeType" />	
			</Entity>
		</Property>
	</Entity>
</Mapping>
