<?xml version="1.0" encoding="UTF-8"?>
<Mapping id="3" xmlns:rdf="http://www.w3.org/1999/02/22-rdf-syntax-ns#" xmlns:ei2a="http://opendata.aragon.es/def/ei2ia#" xmlns:org="http://www.w3.org/ns/org#" xmlns:foaf="http://xmlns.com/foaf/0.1/" xmlns:vcard="http://www.w3.org/2006/vcard/ns#" xmlns:wgs84_pos="http://www.w3.org/2003/01/geo/wgs84_pos#" xmlns:harmonise="http://protege.stanford.edu/rdf/HTOv4002#" xmlns:gtfs="http://vocab.gtfs.org/terms#" xmlns:dc="http://purl.org/dc/elements/1.1/" xmlns:person="http://www.w3.org/ns/person">
	<Entity rdf:type="person:Person" URI="http://opendata.aragon.es/pool/pleno-municipio/{NOMBRE}">
		<Property field="{NOMBRE}" attribute="ei2a:fullName" type="string"/>
		<Property fieldLink="http://opendata.aragon.es/pool/pleno-municipio-member-of/{NOMBRE}" attribute="person:memberOf">
			<Entity rdf:type="org:Organization" URI="http://opendata.aragon.es/pool/pleno-municipio-member-of/{NOMBRE}">
				<Property field="{PARTIDO}" attribute="foaf:name" type="string"/>
			</Entity>
		</Property>
		<Property fieldLink="http://opendata.aragon.es/pool/pleno-municipio-hasMembership/Membership/{CODIGO_MUN}{NOMBRE}" attribute="org:hasMembership">
			<Entity rdf:type="org:Membership" URI="http://opendata.aragon.es/pool/pleno-municipio-hasMembership/Membership/{CODIGO_MUN}{NOMBRE}">
				<Property fieldLink="http://opendata.aragon.es/pool/pleno-municipio-hasMembership/Membership/member/{CODIGO_MUN}{NOMBRE}" attribute="org:member">
					<Entity rdf:type="foaf:Agent" URI="http://opendata.aragon.es/pool/pleno-municipio-hasMembership/Membership/member/{CODIGO_MUN}{NOMBRE}">
						<Property field="{NOMBRE}" attribute="foaf:name" type="string"/>
					</Entity>
				</Property>
				<Property fieldLink="http://opendata.aragon.es/pool/municipio/{CODIGO_MUN}" attribute="org:organization" />
				<Property fieldLink="http://opendata.aragon.es/pool/pleno-municipio-hasMembership/Role/{CODIGO_MUN}{NOMBRE}" attribute="org:role">
					<Entity rdf:type="org:Role" URI="http://opendata.aragon.es/pool/pleno-municipio-hasMembership/Role/{CODIGO_MUN}{NOMBRE}">
						<Property field="{CARGO}" attribute="ei2a:roleName" type="string" />
					</Entity>
				</Property>
			</Entity>
		</Property>
	</Entity>
</Mapping>
