<?xml version="1.0" encoding="UTF-8"?>
<Mapping id="5" xmlns:rdf="http://www.w3.org/1999/02/22-rdf-syntax-ns#" 
                xmlns:ei2a="http://opendata.aragon.es/def/ei2ia#" 
                xmlns:org="http://www.w3.org/ns/org#" 
                xmlns:foaf="http://xmlns.com/foaf/0.1/" 
                xmlns:vcard="http://www.w3.org/2006/vcard/ns#" 
                xmlns:dc="http://purl.org/dc/elements/1.1/" >
	<Entity rdf:type="ei2a:Document" URI="http://opendata.aragon.es/pool/ordenanzas-general-comarca/{ORGYREG_ID}">
		<Property />
		<Property fieldLink="http://opendata.aragon.es/pool/ordenanzas-general-comarca-location/{ORGYREG_ID}" attribute="ei2a:documentLocation">
			<Entity rdf:type="dc:Location" URI="http://opendata.aragon.es/pool/ordenanzas-general-comarcalocation/{ORGYREG_ID}">
				<Property field="{DENOMINACION}" attribute="ei2a:geographicName" type="string"/>
			</Entity>
		</Property>
		<Property field="{TEXTO}" attribute="ei2a:nameDocument" type="string" />
		<Property field="{F_PUBLICACION_APRO_INI}" attribute="ei2a:registrationDate" type="dateTime" />
		<Property field="{F_ACUERDO_APRO_INI}" attribute="ei2a:startDate" type="dateTime"/>
		<Property field="{AMPLIACION}" attribute="ei2a:observations" type="string" />
		<Property field="{TIPO}" attribute="ei2a:documentType" type="string" />
		<Property fieldLink="http://opendata.aragon.es/pool/datos-comarca/{COMAR_ID}" attribute="ei2a:isOfInterestTo" />
	</Entity>
</Mapping>
