<?xml version="1.0" encoding="UTF-8"?>
<Mapping id="72" 
xmlns:rdf="http://www.w3.org/1999/02/22-rdf-syntax-ns#" 
xmlns:ei2a="http://opendata.aragon.es/def/ei2ia#" 
xmlns:org="http://www.w3.org/ns/org#" 
xmlns:foaf="http://xmlns.com/foaf/0.1/" 
xmlns:vcard="http://www.w3.org/2006/vcard/ns#" 
xmlns:harmonise="http://protege.stanford.edu/rdf/HTOv4002#" 
xmlns:aodpool="http://opendata.aragon.es/pool/season/#" >
	<Entity rdf:type="harmonise:Attraction" URI="http://opendata.aragon.es/pool/registro-de-empresas-de-turismo-activo/{SIGNATURA}" >
		<Property fieldLink="http://opendata.aragon.es/pool/name-turismo-activo/{SIGNATURA}" attribute="harmonise:name" type="harmonise:MultiLanguageText" >
			<Entity rdf:type="harmonise:MultiLanguageText" URI="http://opendata.aragon.es/pool/name-turismo-activo/{SIGNATURA}">
				<Property fieldLink="http://opendata.aragon.es/pool/name-turismo-activo/multi-language/{SIGNATURA}" attribute="harmonise:LanguageText" type="harmonise:LanguageText">
					<Entity rdf:type="harmonise:LanguageText" URI="http://opendata.aragon.es/pool/name-turismo-activo/multi-language/{SIGNATURA}">
						<Property field="{NOMBRE_COMERCIAL}" attribute="harmonise:text" type="string" />
					</Entity>
				</Property>
			</Entity>
		</Property>
		<Property fieldLink="http://opendata.aragon.es/pool/type-turismo-activo/{SIGNATURA}" attribute="harmonise:type" type="harmonise:ListValue" >
			<Entity rdf:type="harmonise:ListValue" URI="http://opendata.aragon.es/pool/type-turismo-activo/{SIGNATURA}">
				<Property fieldLink="http://opendata.aragon.es/pool/type-turismo-activo/refenced-value/{SIGNATURA}" attribute="harmonise:RefencedValue">
					<Entity rdf:type="harmonise:ReferencedValue" URI="http://opendata.aragon.es/pool/type-turismo-activo/refenced-value/{SIGNATURA}">
						<Property field="{TIPO_EMPRESA}" attribute="harmonise:domainValue" type="string" />		
					</Entity>				
				</Property>
			</Entity>
		</Property>
		<Property fieldLink="http://opendata.aragon.es/pool/legal-identifier-turismo-activo/{SIGNATURA}" attribute="harmonise:legalIdentifier" type="harmonise:LegalIdentifier" >
			<Entity rdf:type="harmonise:LegalIdentifier" URI="http://opendata.aragon.es/pool/legal-identifier-turismo-activo/{SIGNATURA}">
				<Property field="{CIF_EMPRESA}" attribute="harmonise:identifierValue" type="string" />
			</Entity>
		</Property>	
		<Property fieldLink="http://opendata.aragon.es/pool/schedule-alta-turismo-activo/{SIGNATURA}" attribute="harmonise:schedule" type="harmonise:Timeline">
			<Entity rdf:type="harmonise:Timeline" URI="http://opendata.aragon.es/pool/schedule-alta-turismo-activo/{SIGNATURA}">
				<Property link="aodpool:temporada_alta" attribute="harmonise:ListValue"/>
				<Property fieldLink="http://opendata.aragon.es/pool/schedule-alta-turismo-activo/date-range/{SIGNATURA}" attribute="harmonise:dateRange" type="harmonise:DateRange" >
					<Entity rdf:type="harmonise:DateRange" URI="http://opendata.aragon.es/pool/schedule-alta-turismo-activo/date-range/{SIGNATURA}">
						<Property field="{FECHA_DESDE_TEMP_ALTA}" attribute="harmonise:startDate" type="string" />
						<Property field="{FECHA_HASTA_TEMP_ALTA}" attribute="harmonise:endDate" type="string" />									
					</Entity>
				</Property>
			</Entity>
		</Property>
		<Property fieldLink="http://opendata.aragon.es/pool/schedule-media-turismo-activo/{SIGNATURA}" attribute="harmonise:schedule" type="harmonise:Timeline" >
			<Entity rdf:type="harmonise:Timeline" URI="http://opendata.aragon.es/pool/schedule-media-turismo-activo/{SIGNATURA}">
				<Property link="aodpool:temporada_media" attribute="harmonise:ListValue"/>
				<Property fieldLink="http://opendata.aragon.es/pool/schedule-media-turismo-activo/date-range/{SIGNATURA}" attribute="harmonise:dateRange" type="harmonise:DateRange" >
					<Entity rdf:type="harmonise:DateRange" URI="http://opendata.aragon.es/pool/schedule-media-turismo-activo/date-range/{SIGNATURA}">
						<Property field="{FECHA_DESDE_TEMP_MEDIA}" attribute="harmonise:startDate" type="string" />
						<Property field="{FECHA_HASTA_TEMP_MEDIA}" attribute="harmonise:endDate" type="string" />									
					</Entity>
				</Property>
			</Entity>
		</Property>
		<Property fieldLink="http://opendata.aragon.es/pool/schedule-baja-turismo-activo/{SIGNATURA}" attribute="harmonise:schedule" type="harmonise:Timeline" >
			<Entity rdf:type="harmonise:Timeline" URI="http://opendata.aragon.es/pool/schedule-baja-turismo-activo/{SIGNATURA}">
				<Property link="aodpool:temporada_baja" attribute="harmonise:ListValue"/>
				<Property fieldLink="http://opendata.aragon.es/pool/schedule-baja-turismo-activo/date-range/{SIGNATURA}" attribute="harmonise:dateRange" type="harmonise:DateRange" >
					<Entity rdf:type="harmonise:DateRange" URI="http://opendata.aragon.es/pool/schedule-baja-turismo-activo/date-range/{SIGNATURA}">
						<Property field="{FECHA_DESDE_TEMP_BAJA}" attribute="harmonise:startDate" type="string" />
						<Property field="{FECHA_HASTA_TEMP_BAJA}" attribute="harmonise:endDate" type="string" />									
					</Entity>
				</Property>
			</Entity>
		</Property>		
		<Property fieldLink="http://opendata.aragon.es/pool/schedule-todo-ano-turismo-activo/{SIGNATURA}" attribute="harmonise:schedule" type="harmonise:Timeline" condition="{ABIERTO_TODO_ANO}" >
			<Entity rdf:type="harmonise:Timeline" URI="http://opendata.aragon.es/pool/schedule-todo-ano-turismo-activo/{SIGNATURA}">
				<Property link="aodpool:todo_ano}" attribute="harmonise:ListValue" />
			</Entity>
		</Property>
		<Property fieldLink="http://opendata.aragon.es/pool/schedule-navidad-turismo-activo/{SIGNATURA}" attribute="harmonise:schedule" type="harmonise:Timeline" condition="{ABIERTO_NAVIDAD}" >
			<Entity rdf:type="harmonise:Timeline" URI="http://opendata.aragon.es/pool/schedule-navidad-turismo-activo/{SIGNATURA}">
				<Property link="aodpool:navidad" attribute="harmonise:ListValue" />
			</Entity>
		</Property>
		<Property fieldLink="http://opendata.aragon.es/pool/schedule-semana-santa-turismo-activo/{SIGNATURA}" attribute="harmonise:schedule" type="harmonise:Timeline" condition="{ABIERTO_SEMANA_SANTA}" >
			<Entity rdf:type="harmonise:Timeline" URI="http://opendata.aragon.es/pool/schedule-semana-santa-turismo-activo/{SIGNATURA}">
				<Property link="aodpool:semana_santa" attribute="harmonise:ListValue" />
			</Entity>
		</Property>
		<Property fieldLink="http://opendata.aragon.es/pool/schedule-fiestas-locales-turismo-activo/{SIGNATURA}" attribute="harmonise:schedule" type="harmonise:Timeline" condition="{ABIERTO_FIESTAS_LOCALES}" >
			<Entity rdf:type="harmonise:Timeline" URI="http://opendata.aragon.es/pool/schedule-fiestas-locales-turismo-activo/{SIGNATURA}">
				<Property link="aodpool:fiestas_locales" attribute="harmonise:ListValue" />
			</Entity>
		</Property>
		<Property fieldLink="http://opendata.aragon.es/pool/description-turismo-activo/{SIGNATURA}" attribute="harmonise:description" type="harmonise:Description">
			<Entity rdf:type="harmonise:Description" URI="http://opendata.aragon.es/pool/description-turismo-activo/{SIGNATURA}">
				<Property fieldLink="http://opendata.aragon.es/pool/description-turismo-activo/log-description/{SIGNATURA}" attribute="harmonise:longDescription" type="harmonise:MultiLanguageText">
					<Entity rdf:type="harmonise:MultiLanguageText" URI="http://opendata.aragon.es/pool/description-turismo-activo/log-description/{SIGNATURA}">
						<Property fieldLink="http://opendata.aragon.es/pool/description-turismo-activo/log-description/language-text/{SIGNATURA}" attribute="harmonise:languageText" type="harmonise:LanguageText">
							<Entity rdf:type="harmonise:LanguageText" URI="http://opendata.aragon.es/pool/description-turismo-activo/log-description/language-text/{SIGNATURA}">
								<Property field="{SERVICIOS}" attribute="harmonise:text" type="string" />
							</Entity>
						</Property>
					</Entity>
				</Property>
			</Entity>
		</Property>
		<Property fieldLink="http://opendata.aragon.es/pool/municipio/{CODIGO_MUN}" attribute="org:Organization" />
		<Property fieldLink="http://opendata.aragon.es/pool/location-turismo-activo/{SIGNATURA}" attribute="harmonise:location" type="harmonise:Location">
			<Entity rdf:type="harmonise:Location" URI="http://opendata.aragon.es/pool/location-turismo-activo/{SIGNATURA}">
				<Property fieldLink="http://opendata.aragon.es/pool/location-turismo-activo/telecoms/{SIGNATURA}" attribute="harmonise:telecoms" type="harmonise:Telecoms" >
					<Entity rdf:type="harmonise:Telecoms" URI="http://opendata.aragon.es/pool/location-turismo-activo/telecoms/{SIGNATURA}">
						<Property fieldLink="http://opendata.aragon.es/pool/location-turismo-activo/telecoms/telephone/{SIGNATURA}" attribute="harmonise:telephone" type="harmonise:TelecomNumber">
							<Entity rdf:type="harmonise:TelecomNumber" URI="http://opendata.aragon.es/pool/location-turismo-activo/telecoms/telephone/{SIGNATURA}">
								<Property field="{TELEFONO_ESTABLECIMIENTO}" attribute="harmonise:number" type="string"/>
							</Entity>
						</Property>
						<Property field="{E_MAIL}" attribute="harmonise:email" type="string" />
						<Property fieldLink="http://opendata.aragon.es/pool/location-turismo-activo/telecoms/url/{SIGNATURA}" attribute="harmonise:url" type="harmonise:MultiLanguageText">
							<Entity rdf:type="harmonise:MultiLanguageText" URI="http://opendata.aragon.es/pool/location-turismo-activo/telecoms/url/{SIGNATURA}">
								<Property fieldLink="http://opendata.aragon.es/pool/location-turismo-activo/telecoms/url/languageText/{SIGNATURA}" attribute="harmonise:LanguageText">
									<Entity rdf:type="harmonise:MultiLanguageText" URI="http://opendata.aragon.es/pool/location-turismo-activo/telecoms/url/{SIGNATURA}">
										<Property field="{DIRECCION_WEB}" attribute="harmonise:text" type="string" />
									</Entity>
								</Property>
							</Entity>
						</Property>
						<Property fieldLink="http://opendata.aragon.es/pool/location-turismo-activo/telecoms/fax/{SIGNATURA}" attribute="harmonise:fax" type="harmonise:TelecomNumber">
							<Entity rdf:type="harmonise:TelecomNumber" URI="http://opendata.aragon.es/pool/location-turismo-activo/telecoms/fax/{SIGNATURA}">
								<Property field="{FAX_ESTABLECIMIENTO}" attribute="harmonise:number" type="string" />								
							</Entity>
						</Property>
					</Entity>
				</Property>
				<Property fieldLink="http://opendata.aragon.es/pool/location-turismo-activo/address/{SIGNATURA}" attribute="harmonise:address" type="harmonise:Address">
					<Entity rdf:type="harmonise:Address" URI="http://opendata.aragon.es/pool/location-turismo-activo/address/{SIGNATURA}">
						<Property fieldLink="http://opendata.aragon.es/pool/location-turismo-activo/address/streetAddress{SIGNATURA}" attribute="harmonise:streetAddress" type="harmonise:StreetAddress">
							<Entity rdf:type="harmonise:StreetAddress" URI="http://opendata.aragon.es/pool/location-turismo-activo/address/streetAddress{SIGNATURA}">
								<Property field="{DIRECCION_ESTABLECIMIENTO}" attribute="harmonise:streetName" type="string" />								
							</Entity>
						</Property>
						<Property fieldLink="http://opendata.aragon.es/pool/location-turismo-activo/address/city/{SIGNATURA}" attribute="harmonise:city" type="harmonise:MultiLanguageText">
							<Entity rdf:type="harmonise:MultiLanguageText" URI="http://opendata.aragon.es/pool/location-turismo-activo/address/city/{SIGNATURA}">
								<Property fieldLink="http://opendata.aragon.es/pool/location-turismo-activo/address/city/multi-language-text/{SIGNATURA}" attribute="harmonise:languageText" type="harmonise:LanguageText">
									<Entity rdf:type="harmonise:LanguageText" URI="http://opendata.aragon.es/pool/location-turismo-activo/address/city/multi-language-text/{SIGNATURA}">
										<Property field="{LOCALIDAD_ESTABLECIMIENTO}" attribute="harmonise:text" type="string"/>
									</Entity>
								</Property>
							</Entity>
						</Property>
						<Property fieldLink="http://opendata.aragon.es/pool/location-turismo-activo/address/region/{SIGNATURA}" attribute="harmonise:region" type="harmonise:MultiLanguageText">
							<Entity rdf:type="harmonise:MultiLanguageText" URI="http://opendata.aragon.es/pool/location-turismo-activo/address/region/{SIGNATURA}">
								<Property fieldLink="http://opendata.aragon.es/pool/location-turismo-activo/address/region/language/{SIGNATURA}" attribute="harmonise:languageText" type="harmonise:LanguageText">
									<Entity rdf:type="harmonise:LanguageText" URI="http://opendata.aragon.es/pool/location-turismo-activo/address/region/language/{SIGNATURA}">
										<Property field="{NOMBRE_COMARCA}" attribute="harmonise:text" type="string" />										
									</Entity>
								</Property>
							</Entity>
						</Property>
						<Property fieldLink="http://opendata.aragon.es/pool/location-turismo-activo/address/province/{SIGNATURA}" attribute="harmonise:province" type="harmonise:MultiLanguageText">
							<Entity rdf:type="harmonise:MultiLanguageText" URI="http://opendata.aragon.es/pool/location-turismo-activo/address/province/{SIGNATURA}">
								<Property fieldLink="http://opendata.aragon.es/pool/location-turismo-activo/address/province/language-text/{SIGNATURA}" attribute="harmonise:languageText" type="harmonise:LanguageText">
									<Entity rdf:type="harmonise:LanguageText" URI="http://opendata.aragon.es/pool/location-turismo-activo/address/province/language-text/{SIGNATURA}">
										<Property field="{PROVINCIA_ESTABLECIMIENTO}" attribute="harmonise:text" type="string" />
									</Entity>
								</Property>
							</Entity>
						</Property>
						<Property field="{CODIGO_POSTAL_ESTABLECIMIENTO}" attribute="harmonise:postCode" type="string" />
						<Property field="{NACIONALIDAD}" attribute="harmonise:country" type="string" />
					</Entity>
				</Property>
			</Entity>
		</Property>			
		<Property fieldLink="http://opendata.aragon.es/pool/profile-turismo-activo/{SIGNATURA}" attribute="harmonise:profile" type="harmonise:Profile">
			<Entity rdf:type="harmonise:Profile" URI="http://opendata.aragon.es/pool/profile-turismo-activo/{SIGNATURA}">
				<Property fieldLink="http://opendata.aragon.es/pool/profile-turismo-activo/monitores/{SIGNATURA}" attribute="harmonise:profileField" type="harmonise:ProfileField">
					<Entity rdf:type="harmonise:ProfileField" URI="http://opendata.aragon.es/pool/profile-turismo-activo/monitores/{SIGNATURA}">
						<Property value="Número de monitores" attribute="harmonise:fieldName" type="string" />
						<Property field="{NUMERO_MONITORES}" attribute="harmonise:fieldValue" type="string" />						
					</Entity>
				</Property>
				<Property fieldLink="http://opendata.aragon.es/pool/profile-turismo-activo/guias/{SIGNATURA}" attribute="harmonise:profileField">
					<Entity rdf:type="harmonise:ProfileField" URI="http://opendata.aragon.es/pool/profile-turismo-activo/guias/{SIGNATURA}">
						<Property value="Número de guias" attribute="harmonise:fieldName" type="string" />
						<Property field="{NUMERO_GUIAS}" attribute="harmonise:fieldValue" type="string" />						
					</Entity>
				</Property>
			</Entity>
		</Property>
	</Entity>
</Mapping>		
