<?xml version="1.0" encoding="UTF-8"?>
<Mapping id="72" xmlns:rdf="http://www.w3.org/1999/02/22-rdf-syntax-ns#" xmlns:ei2a="http://opendata.aragon.es/def/ei2ia#" xmlns:org="http://www.w3.org/ns/org#" xmlns:foaf="http://xmlns.com/foaf/0.1/" xmlns:vcard="http://www.w3.org/2006/vcard/ns#" 
                 xmlns:harmonise="http://protege.stanford.edu/rdf/HTOv4002#" xmlns:aodpool="http://opendata.aragon.es/pool/season/#" >
	<Entity rdf:type="harmonise:Accommodation" URI="http://opendata.aragon.es/pool/registro-de-alojamientos-de-turismo-rural/{SIGNATURA}">
		<Property fieldLink="http://opendata.aragon.es/pool/name-turismo-rural/{SIGNATURA}" attribute="harmonise:name" >
			<Entity rdf:type="harmonise:MultiLanguageText" URI="http://opendata.aragon.es/pool/name-turismo-rural/{SIGNATURA}">
				<Property fieldLink="http://opendata.aragon.es/pool/name-turismo-rural/language-text/{SIGNATURA}" attribute="harmonise:LanguageText">
					<Entity rdf:type="harmonise:LanguageText" URI="http://opendata.aragon.es/pool/name-turismo-rural/language-text/{SIGNATURA}">
						<Property field="{NOMBRE_DE_LA_VIVIENDA}" attribute="harmonise:text" type="string" />
					</Entity>
				</Property>
			</Entity>
		</Property>
		<Property fieldLink="http://opendata.aragon.es/pool/accommodation-type-turismo-rural/{SIGNATURA}" attribute="harmonise:accommodationType">
			<Entity rdf:type="harmonise:ListValue" URI="http://opendata.aragon.es/pool/accommodation-type-turismo-rural/{SIGNATURA}">
				<Property fieldLink="http://opendata.aragon.es/pool/accommodation-type-turismo-rural/refenced-value/{SIGNATURA}" attribute="harmonise:ReferencedValue">
					<Entity rdf:type="harmonise:ReferencedValue" URI="http://opendata.aragon.es/pool/accommodation-type-turismo-rural/refenced-value/{SIGNATURA}">
						<Property field="{TIPO_VIVIENDA}" attribute="harmonise:domainValue" type="string" />
					</Entity>
				</Property>
			</Entity>
		</Property>
		<Property fieldLink="http://opendata.aragon.es/pool/award-turismo-rural/{SIGNATURA}" attribute="harmonise:award">
			<Entity rdf:type="harmonise:Award" URI="http://opendata.aragon.es/pool/award-turismo-rural/{SIGNATURA}">
				<Property field="{CATEGORIA_VIVIENDA}" attribute="harmonise:awardingBody" type="string" />
			</Entity>
		</Property>	
		<Property fieldLink="http://opendata.aragon.es/pool/schedule-alta-turismo-rural/{SIGNATURA}" attribute="harmonise:schedule">
			<Entity rdf:type="harmonise:Timeline" URI="http://opendata.aragon.es/pool/schedule-alta-turismo-rural/{SIGNATURA}">
				<Property link="aodpool:temporada_alta" attribute="harmonise:ListValue"/>
				<Property fieldLink="http://opendata.aragon.es/pool/schedule-alta-turismo-rural/date-range/{SIGNATURA}" attribute="harmonise:dateRange">
					<Entity rdf:type="harmonise:DateRange" URI="http://opendata.aragon.es/pool/schedule-alta-turismo-rural/date-range/{SIGNATURA}">
						<Property field="{FECHA_DESDE_TEMP_ALTA}" attribute="harmonise:startDate" type="string" />
						<Property field="{FECHA_HASTA_TEMP_ALTA}" attribute="harmonise:endDate" type="string" />									
					</Entity>
				</Property>
			</Entity>
		</Property>
		<Property fieldLink="http://opendata.aragon.es/pool/schedule-media-turismo-rural/{SIGNATURA}" attribute="harmonise:schedule">
			<Entity rdf:type="harmonise:Timeline" URI="http://opendata.aragon.es/pool/schedule-media-turismo-rural/{SIGNATURA}">
				<Property link="aodpool:temporada_media" attribute="harmonise:ListValue"/>
				<Property fieldLink="http://opendata.aragon.es/pool/schedule-media-turismo-rural/date-range/{SIGNATURA}" attribute="harmonise:dateRange">
					<Entity rdf:type="harmonise:DateRange" URI="http://opendata.aragon.es/pool/schedule-media-turismo-rural/date-range/{SIGNATURA}">
						<Property field="{FECHA_DESDE_TEMP_MEDIA}" attribute="harmonise:startDate" type="string" />
						<Property field="{FECHA_HASTATEMP_MEDIA}" attribute="harmonise:endDate" type="string" />									
					</Entity>
				</Property>
			</Entity>
		</Property>
		<Property fieldLink="http://opendata.aragon.es/pool/schedule-baja-turismo-rural/{SIGNATURA}" attribute="harmonise:schedule">
			<Entity rdf:type="harmonise:Timeline" URI="http://opendata.aragon.es/pool/schedule-baja-turismo-rural/{SIGNATURA}">
				<Property link="aodpool:temporada_baja" attribute="harmonise:ListValue"/>
				<Property fieldLink="http://opendata.aragon.es/pool/schedule-baja-turismo-rural/date-range/{SIGNATURA}" attribute="harmonise:dateRange">
					<Entity rdf:type="harmonise:DateRange" URI="http://opendata.aragon.es/pool/schedule-baja-turismo-rural/date-range/{SIGNATURA}">
						<Property field="{FECHA_DESDE_TEMP_BAJA}" attribute="harmonise:startDate" type="string" />
						<Property field="{FECHA_HASTA_TEMP_BAJA}" attribute="harmonise:endDate" type="string" />									
					</Entity>
				</Property>
			</Entity>
		</Property>		
		<Property fieldLink="http://opendata.aragon.es/pool/schedule-todo-ano-turismo-rural/{SIGNATURA}" attribute="harmonise:schedule" condition="{ABIERTO_TODO_ANO}">
			<Entity rdf:type="harmonise:Timeline" URI="http://opendata.aragon.es/pool/schedule-todo-ano-turismo-rural/{SIGNATURA}">
				<Property link="aodpool:todo_ano" attribute="harmonise:ListValue" />
			</Entity>
		</Property>
		<Property fieldLink="http://opendata.aragon.es/pool/schedule-navidad-turismo-rural/{SIGNATURA}" attribute="harmonise:schedule" condition="{ABIERTO_NAVIDAD}">
			<Entity rdf:type="harmonise:Timeline" URI="http://opendata.aragon.es/pool/schedule-navidad-turismo-rural/{SIGNATURA}">
				<Property link="aodpool:navidad" attribute="harmonise:ListValue" />
			</Entity>
		</Property>
		<Property fieldLink="http://opendata.aragon.es/pool/schedule-semana-santa-turismo-rural/{SIGNATURA}" attribute="harmonise:schedule" condition="{ABIERTO_SEMANA_SANTA}">
			<Entity rdf:type="harmonise:Timeline" URI="http://opendata.aragon.es/pool/schedule-semana-santa-turismo-rural/{SIGNATURA}">
				<Property link="aodpool:semana_santa" attribute="harmonise:ListValue" />
			</Entity>
		</Property>
		<Property fieldLink="http://opendata.aragon.es/pool/schedule-fiestas-locales-turismo-rural/{SIGNATURA}" attribute="harmonise:schedule" condition="{ABIERTO_FIESTAS_LOCALES}">
			<Entity rdf:type="harmonise:Timeline" URI="http://opendata.aragon.es/pool/schedule-fiestas-locales-turismo-rural/{SIGNATURA}">
				<Property link="aodpool:fiestas_locales" attribute="harmonise:ListValue" />
			</Entity>
		</Property>
		<Property fieldLink="http://opendata.aragon.es/pool/schedule-periodos-multiples-turismo-rural/{SIGNATURA}" attribute="harmonise:schedule" condition="{ABIERTO_FIESTAS_LOCALES}">
			<Entity rdf:type="harmonise:Timeline" URI="http://opendata.aragon.es/pool/schedule-periodos-multiples-turismo-rural/{SIGNATURA}">
				<Property link="aodpool:preiodos_multiples" attribute="harmonise:ListValue" />
			</Entity>
		</Property>		
		<Property fieldLink="http://opendata.aragon.es/pool/municipio/{CODIGO_MUN}" attribute="org:Organization" />
		<Property fieldLink="http://opendata.aragon.es/pool/location-turismo-rural/{SIGNATURA}" attribute="harmonise:location">
			<Entity rdf:type="harmonise:Location" URI="http://opendata.aragon.es/pool/location-turismo-rural/{SIGNATURA}">
				<Property fieldLink="http://opendata.aragon.es/pool/location-turismo-rural/telecoms/{SIGNATURA}" attribute="harmonise:telecoms">
					<Entity rdf:type="harmonise:Telecoms" URI="http://opendata.aragon.es/pool/location-turismo-rural/telecoms/{SIGNATURA}">
						<Property fieldLink="http://opendata.aragon.es/pool/location-turismo-rural/telecoms/telephone/{SIGNATURA}" attribute="harmonise:telephone">
							<Entity rdf:type="harmonise:TelecomNumber" URI="http://opendata.aragon.es/pool/location-turismo-rural/telecoms/telephone/{SIGNATURA}">
								<Property field="{TELEFONO_ESTABLECIMIENTO}" attribute="harmonise:number" type="string"/>
							</Entity>
						</Property>
						<Property field="{E_MAIL}" attribute="harmonise:email" type="string" />
						<Property fieldLink="http://opendata.aragon.es/pool/location-turismo-rural/telecoms/url/{SIGNATURA}" attribute="harmonise:url">
							<Entity rdf:type="harmonise:MultiLanguageText" URI="http://opendata.aragon.es/pool/location-turismo-rural/telecoms/url/{SIGNATURA}">
								<Property fieldLink="http://opendata.aragon.es/pool/location-turismo-rural/telecoms/url/languageText/{SIGNATURA}" attribute="harmonise:LanguageText">
									<Entity rdf:type="harmonise:LanguageText" URI="http://opendata.aragon.es/pool/location-turismo-rural/telecoms/url/languageText/{SIGNATURA}">
										<Property field="{DIRECCION_WEB}" attribute="harmonise:text" type="string" />
									</Entity>
								</Property>
							</Entity>
						</Property>
						<Property fieldLink="http://opendata.aragon.es/pool/location-turismo-rural/telecoms/fax/{SIGNATURA}" attribute="harmonise:fax">
							<Entity rdf:type="harmonise:TelecomNumber" URI="http://opendata.aragon.es/pool/location-turismo-rural/telecoms/fax/{SIGNATURA}">
								<Property field="{FAX_ESTABLECIMIENTO}" attribute="harmonise:number" type="string" />								
							</Entity>
						</Property>
					</Entity>
				</Property>
				<Property fieldLink="http://opendata.aragon.es/pool/location-turismo-rural/address/{SIGNATURA}" attribute="harmonise:address">
					<Entity rdf:type="harmonise:Address" URI="http://opendata.aragon.es/pool/location-turismo-rural/address/{SIGNATURA}">
						<Property fieldLink="http://opendata.aragon.es/pool/location-turismo-rural/address/streetAddress{SIGNATURA}" attribute="harmonise:streetAddress">
							<Entity rdf:type="harmonise:StreetAddress" URI="http://opendata.aragon.es/pool/location-turismo-rural/address/streetAddress{SIGNATURA}">
								<Property field="{DIRECCION_ESTABLECIMIENTO}" attribute="harmonise:streetName" type="string" />								
							</Entity>
						</Property>
						<Property fieldLink="http://opendata.aragon.es/pool/location-turismo-rural/address/city/{SIGNATURA}" attribute="harmonise:city">
							<Entity rdf:type="harmonise:MultiLanguageText" URI="http://opendata.aragon.es/pool/location-turismo-rural/address/city/{SIGNATURA}">
								<Property fieldLink="http://opendata.aragon.es/pool/location-turismo-rural/address/city/multi-language-text/{SIGNATURA}" attribute="harmonise:languageText">
									<Entity rdf:type="harmonise:LanguageText" URI="http://opendata.aragon.es/pool/location-turismo-rural/address/city/multi-language-text/{SIGNATURA}">
										<Property field="{LOCALIDAD_ESTABLECIMIENTO}" attribute="harmonise:text" type="string"/>
									</Entity>
								</Property>
							</Entity>
						</Property>
						<Property fieldLink="http://opendata.aragon.es/pool/location-turismo-rural/address/region/{SIGNATURA}" attribute="harmonise:region">
							<Entity rdf:type="harmonise:MultiLanguageText" URI="http://opendata.aragon.es/pool/location-turismo-rural/address/region/{SIGNATURA}">
								<Property fieldLink="http://opendata.aragon.es/pool/location-turismo-rural/address/region/language/{SIGNATURA}" attribute="harmonise:languageText">
									<Entity rdf:type="harmonise:LanguageText" URI="http://opendata.aragon.es/pool/location-turismo-rural/address/region/language/{SIGNATURA}">
										<Property field="{NOMBRE_COMARCA}" attribute="harmonise:text" type="string" />										
									</Entity>
								</Property>
							</Entity>
						</Property>
						<Property fieldLink="http://opendata.aragon.es/pool/location-turismo-rural/address/province/{SIGNATURA}" attribute="harmonise:province">
							<Entity rdf:type="harmonise:MultiLanguageText" URI="http://opendata.aragon.es/pool/location-turismo-rural/address/province/{SIGNATURA}">
								<Property fieldLink="http://opendata.aragon.es/pool/location-turismo-rural/address/province/language-text/{SIGNATURA}" attribute="harmonise:languageText">
									<Entity rdf:type="harmonise:LanguageText" URI="http://opendata.aragon.es/pool/location-turismo-rural/address/province/language-text/{SIGNATURA}">
										<Property field="{PROVINCIA_ESTABLECIMIENTO}" attribute="harmonise:text" type="string" />
									</Entity>
								</Property>
							</Entity>
						</Property>
						<Property field="{CODIGO_POSTAL_ESTABLECIMIENTO}" attribute="harmonise:postCode" type="string" />
						<Property field="{NACIONALIDAD}" attribute="harmonise:country" type="string" />
					</Entity>
				</Property>
			</Entity>
		</Property>			
		<Property fieldLink="http://opendata.aragon.es/pool/profile-turismo-rural/{SIGNATURA}" attribute="harmonise:profile">
			<Entity rdf:type="harmonise:Profile" URI="http://opendata.aragon.es/pool/profile-turismo-rural/{SIGNATURA}">
				<Property fieldLink="http://opendata.aragon.es/pool/profile-turismo-rural/habitaciones-senciallas/{SIGNATURA}" attribute="harmonise:profileField">
					<Entity rdf:type="harmonise:ProfileField" URI="http://opendata.aragon.es/pool/profile-turismo-rural/habitaciones-senciallas/{SIGNATURA}">
						<Property value="Número de habitaciones sencillas" attribute="harmonise:fieldName" type="string" />
						<Property field="{NUMERO_HAB_SENCILLAS}" attribute="harmonise:fieldValue" type="string" />						
					</Entity>
				</Property>
				<Property fieldLink="http://opendata.aragon.es/pool/profile-turismo-rural/habitaciones-dobles/{SIGNATURA}" attribute="harmonise:profileField">
					<Entity rdf:type="harmonise:ProfileField" URI="http://opendata.aragon.es/pool/profile-turismo-rural/habitaciones-dobles/{SIGNATURA}">
						<Property value="Número de habitaciones dobles" attribute="harmonise:fieldName" type="string" />
						<Property field="{NUMERO_HAB_DOBLES}" attribute="harmonise:fieldValue" type="string" />						
					</Entity>
				</Property>
				<Property fieldLink="http://opendata.aragon.es/pool/profile-turismo-rural/apartamentos/{SIGNATURA}" attribute="harmonise:profileField">
					<Entity rdf:type="harmonise:ProfileField" URI="http://opendata.aragon.es/pool/profile-turismo-rural/apartamentos/{SIGNATURA}">
						<Property value="Número de apartamentos" attribute="harmonise:fieldName" type="string" />
						<Property field="{NUMERO_APARTAMENTOS}" attribute="harmonise:fieldValue" type="string" />						
					</Entity>
				</Property>
				<Property fieldLink="http://opendata.aragon.es/pool/profile-turismo-rural/plazas-apartamentos/{SIGNATURA}" attribute="harmonise:profileField">
					<Entity rdf:type="harmonise:ProfileField" URI="http://opendata.aragon.es/pool/profile-turismo-rural/plazas-apartamentos/{SIGNATURA}">
						<Property value="Número de plazas apartamentos" attribute="harmonise:fieldName" type="string" />
						<Property field="{NUMERO_PLAZAS_APARTAMENTOS}" attribute="harmonise:fieldValue" type="string" />						
					</Entity>
				</Property>
				<Property fieldLink="http://opendata.aragon.es/pool/profile-turismo-rural/viviendas/{SIGNATURA}" attribute="harmonise:profileField">
					<Entity rdf:type="harmonise:ProfileField" URI="http://opendata.aragon.es/pool/profile-turismo-rural/viviendas/{SIGNATURA}">
						<Property value="Número de viviendas" attribute="harmonise:fieldName" type="string" />
						<Property field="{NUMERO_VIVIENDAS}" attribute="harmonise:fieldValue" type="string" />						
					</Entity>
				</Property>
				<Property fieldLink="http://opendata.aragon.es/pool/profile-turismo-rural/plazas-totales/{SIGNATURA}" attribute="harmonise:profileField">
					<Entity rdf:type="harmonise:ProfileField" URI="http://opendata.aragon.es/pool/profile-turismo-rural/plazas-totales/{SIGNATURA}">
						<Property value="Número de plazas totales" attribute="harmonise:fieldName" type="string" />
						<Property field="{NUMERO_TOTAL_PLAZAS}" attribute="harmonise:fieldValue" type="string" />						
					</Entity>
				</Property>
				<Property fieldLink="http://opendata.aragon.es/pool/profile-turismo-rural/camas-supletorias/{SIGNATURA}" attribute="harmonise:profileField">
					<Entity rdf:type="harmonise:ProfileField" URI="http://opendata.aragon.es/pool/profile-turismo-rural/camas-supletorias/{SIGNATURA}">
						<Property value="Número de camas supletorias" attribute="harmonise:fieldName" type="string" />
						<Property field="{NUMERO_CAMAS_SUPLETORIAS}" attribute="harmonise:fieldValue" type="string" />						
					</Entity>
				</Property>
			</Entity>
		</Property>
	</Entity>
</Mapping>		
