<?xml version="1.0" encoding="UTF-8"?>
<Mapping id="136" xmlns:rdf="http://www.w3.org/1999/02/22-rdf-syntax-ns#" xmlns:ei2a="http://opendata.aragon.es/def/ei2ia#" xmlns:org="http://www.w3.org/ns/org#" xmlns:foaf="http://xmlns.com/foaf/0.1/" xmlns:vcard="http://www.w3.org/2006/vcard/ns#" xmlns:wgs84_pos="http://www.w3.org/2003/01/geo/wgs84_pos#" xmlns:harmonise="http://protege.stanford.edu/rdf/HTOv4002#" xmlns:gtfs="http://vocab.gtfs.org/terms#" xmlns:dc="http://purl.org/dc/elements/1.1/">
	<Entity rdf:type="ei2a:Document" URI="http://opendata.aragon.es/pool/simbolos/{CLOB}">
		<Property fieldLink="http://opendata.aragon.es/pool/simbolos-location/{CLOB}" attribute="ei2a:documentLocation">
			<Entity rdf:type="dc:Location" URI="http://opendata.aragon.es/pool/simbolos-location/{CLOB}">
				<Property field="{ENTIDAD}" attribute="ei2a:geographicName" type="string"/>
			</Entity>
		</Property>
		<Property field="{EMBLEMA}" attribute="ei2a:nameDocument" type="string" />
		<Property field="{ANO}" attribute="ei2a:registrationDate" type="integer"/>
		<Property field="{F_APROBACION}" attribute="ei2a:startDate" type="dateTime" />
		<Property field="{DESCRIPCION}" attribute="ei2a:observations" type="string" />
		<Property value="Símbolo" attribute="ei2a:docuementeType" type="string" />
	</Entity>
</Mapping>
